"Qty";"Value";"Device";"Package";"Parts";"Description";"";
"2";"0.1uF";"CAP_CERAMIC-0402";"0402";"C1, C4";"Ceramic Capacitors";"";
"2";"10k";"RESISTOR-0402";"0402";"R1, R2";"Resistors";"";
"1";"150R";"RESISTOR-0402";"0402";"R8";"Resistors";"";
"1";"1k@100MHz";"FERRITE-BEAD-0402";"0402";"FB1";"Ferrite Beads";"";
"2";"220R";"RESISTOR-0402";"0402";"R3, R5";"Resistors";"";
"1";"33pF";"CAP_CERAMIC-0402";"0402";"C6";"Ceramic Capacitors";"";
"2";"4.7uF";"CAP_CERAMIC-0402";"0402";"C2, C3";"Ceramic Capacitors";"";
"1";"470R";"RESISTOR-0402";"0402";"R6";"Resistors";"";
"1";"BAT54S-23-3";"BAT54S-23-3";"SOT23-3";"D2";"B54S two Schottky Diodes";"";
"1";"C108793";"LED-RGB-2121-CA";"LED-RGB-2121";"D1";"RGB LED, common anode";"";
"2";"GND";"JACDAC-M3-GND";"M3-HOLE-GND";"J3, J4";"Jacdac mounting Hole M3";"";
"1";"HACK-CONNECT-5";"HACK-CONNECT-5";"HC5-22-62";"J5";"";"";
"2";"JACDAC-EDGE-OUTIE";"JACDAC-EDGE-OUTIE";"JD-EDGE-OUTIE";"JD1, JD2";"";"";
"1";"JD";"JACDAC-M3-DATA";"M3-HOLE-DATA";"J1";"Jacdac mounting Hole M3";"";
"1";"MILADOR-ICON-MAG";"MILADOR-ICON-MAG";"MILADOR_ICON_MAGNETOMETER";"LABEL_ICON";"";"";
"1";"MILADOR-JACDAC-DEVICE-MAGNETOMETER";"MILADOR-JACDAC-DEVICE-MAGNETOMETER";"JACDAC-3D-MAGNETOMETER";"LABEL_DEVICE";"";"";
"1";"MILADOR-JACDAC-DEVICE-TLV493D";"MILADOR-JACDAC-DEVICE-TLV493D";"JACDAC-TLV493D";"LABEL_TLV493D";"";"";
"1";"MILADOR-LOGO-SM";"MILADOR-LOGO-SM";"MILADOR_LOGO2";"LABEL_LOGO1";"";"";
"1";"MILADOR-QR-CODE-JACDAC-MAGNETOMETER";"MILADOR-QR-CODE-JACDAC-MAGNETOMETER";"MILADOR_QR_JACDAC_MAGNETOMETER";"LABEL_QRCODE";"";"";
"1";"MMC_LOGO-XSM";"MMC_LOGO-XSM";"MMC_X-SMALL_LOGO";"LABEL_LOGO2";"";"";
"1";"PWR";"JACDAC-M3-PWR";"M3-HOLE-PWR";"J2";"Jacdac mounting Hole M3";"";
"1";"STM32G030F6P6";"STM32G030F8P6";"SOP65P640X120-20N";"IC2";"STM32G030F6P6 TSSOP-20";"";
"1";"TLV493D";"TLV493D";"SOT23-6";"IC1";"";"";
"1";"XC6206";"XC6206";"SOT23-3-W";"U1";"";"";
