"Qty";"Value";"Device";"Package";"Parts";"Description";"AVAILABILITY";"COPYRIGHT";"DESCRIPTION";"DIGI-KEY_PART_NUMBER_1";"DIGI-KEY_PART_NUMBER_2";"DIGI-KEY_PART_NUMBER_3";"DIGI-KEY_PART_NUMBER_4";"DIGI-KEY_PART_NUMBER_5";"MANUFACTURER_PART_NUMBER";"MF";"MFR_NAME";"MOUSER";"MP";"PACKAGE";"PRICE";"PURCHASE-URL";
"1";"0.1uF";"CAP_CERAMIC-0603-NO";"0603-NO";"C4";"Ceramic Capacitors";"";"";"";"";"";"";"";"";"";"";"";"";"";"";"";"";
"1";"150";"RESISTOR-0603";"0603";"R3";"Resistors";"";"";"";"";"";"";"";"";"";"";"";"";"";"";"";"";
"1";"1uF";"CAP_CERAMIC-0603";"0603";"C5";"Ceramic Capacitors";"";"";"";"";"";"";"";"";"";"";"";"";"";"";"";"";
"2";"1uF";"CAP_CERAMIC-0603-NO";"0603-NO";"C1, C3";"Ceramic Capacitors";"";"";"";"";"";"";"";"";"";"";"";"";"";"";"";"";
"1";"220";"RESISTOR-0603";"0603";"R4";"Resistors";"";"";"";"";"";"";"";"";"";"";"";"";"";"";"";"";
"2";"30";"RESISTOR-0603";"0603";"R1, R2";"Resistors";"";"";"";"";"";"";"";"";"";"";"";"";"";"";"";"";
"1";"33pF";"CAP_CERAMIC-0603";"0603";"C2";"Ceramic Capacitors";"";"";"";"";"";"";"";"";"";"";"";"";"";"";"";"";
"2";"4.7K";"RESISTOR-0603";"0603";"R5, R6";"Resistors";"";"";"";"";"";"";"";"";"";"";"";"";"";"";"";"";
"1";"5V";"JACDAC-M3-PWR-OUTL";"M3-HOLE-PWR-OUTL";"J3";"Jacdac mounting Hole M3";"";"";"";"";"";"";"";"";"";"";"";"";"";"";"";"";
"1";"800mA 1kR";"FERRITE-BEAD-0603-NO";"0603-NO";"FB1";"Ferrite Beads";"";"";"";"";"";"";"";"";"";"";"";"";"";"";"";"";
"1";"BAT54S,235";"BAT54S,235";"SOT23-3";"U4";"BAT54S,235 Schottky Diode";"";"";" N-Channel 50V 200mA (Ta) 300mW (Ta) Surface Mount SOT-23-3 ";"";"";"";"";"";"";"Diodes";"";"";"BSS138-7-F";"SOT-23-3 Fairchild Semiconductor";"None";"https://pricing.snapeda.com/search/part/BSS138-7-F/?ref=eda";
"1";"DATA";"JACDAC-M3-DATA-NOTCH";"M3-HOLE-DATA-NOTCH";"J4";"Jacdac mounting Hole M3";"";"";"";"";"";"";"";"";"";"";"";"";"";"";"";"";
"2";"DIODE-ZENER-AA-RCLAMP0521PATCT";"DIODE-ZENER-AA-RCLAMP0521PATCT";"DIODE-ZENER-0402";"D1, D2";"";"";"Copyright (C) 2021 Ultra Librarian. All rights reserved.";"";"RCLAMP0521PACT-ND";"RCLAMP0521PADKR-ND";"RCLAMP0521PATR-ND";"";"";"RCLAMP0521PATCT";"";"Semtech";"";"";"";"";"";
"2";"GND";"JACDAC-M3-GND";"M3-HOLE-GND";"J5, J6";"Jacdac mounting Hole M3";"";"";"";"";"";"";"";"";"";"";"";"";"";"";"";"";
"2";"JACDAC-EDGE-OUTIE";"JACDAC-EDGE-OUTIE";"JD-EDGE-OUTIE";"JD1, JD2";"";"";"";"";"";"";"";"";"";"";"";"";"";"";"";"";"";
"1";"LED-HSMF-C114";"LED-HSMF-C114";"DIOSC160X150X35-4N";"D3";"LED Tri-Color Blue/Green/Red 468nm/523nm/637nm 4-Pin Chip LED T/R Check prices";"";"";" Red, Green, Blue (RGB) 626nm Red, 525nm Green, 470nm Blue LED Indication - Discrete 1.9V Red, 3.4V Green, 3.4V Blue 0606 (1616 Metric) ";"";"";"";"";"";"";"Broadcom Limited";"";"";"HSMF-C114";"0606 Avago";"None";"https://pricing.snapeda.com/search/part/HSMF-C114/?ref=eda";
"1";"MILADOR-JACDAC-DEVICE-MAGNETOMETER";"MILADOR-JACDAC-DEVICE-MAGNETOMETER";"JACDAC-3D-MAGNETOMETER";"LABEL_JACDAC_PS";"";"";"";"";"";"";"";"";"";"";"";"";"";"";"";"";"";
"1";"MILADOR-JACDAC-DEVICE-TLV493D";"MILADOR-JACDAC-DEVICE-TLV493D";"JACDAC-TLV493D";"LABEL_TLV493D";"";"";"";"";"";"";"";"";"";"";"";"";"";"";"";"";"";
"1";"MILADOR-LOGO-";"MILADOR-LOGO-";"MILADOR_LOGO1";"LABEL_MILADOR";"";"";"";"";"";"";"";"";"";"";"";"";"";"";"";"";"";
"1";"MILADOR-QR-CODE-JACDAC-MAGNETOMETER";"MILADOR-QR-CODE-JACDAC-MAGNETOMETER";"MILADOR_QR_JACDAC_MAGNETOMETER";"LABEL_QR_CODE";"";"";"";"";"";"";"";"";"";"";"";"";"";"";"";"";"";
"1";"MMC_LOGO-XSM";"MMC_LOGO-XSM";"MMC_X-SMALL_LOGO";"MMC_LOGO";"";"";"";"";"";"";"";"";"";"";"";"";"";"";"";"";"";
"1";"NCP114ASN330T1G";"NCP114ASN330T1G";"TSOP-5_ONS";"U2";"";"";"Copyright (C) 2021 Ultra Librarian. All rights reserved.";"";"2156-NCP114ASN330T1G-ND";"2156-NCP114ASN330T1G-OS-ND";"NCP114ASN330T1GOSCT-ND";"NCP114ASN330T1GOSDKR-ND";"NCP114ASN330T1GOSTR-ND";"NCP114ASN330T1G";"";"ON Semiconductor";"";"";"";"";"";
"1";"STM32F042F6P6";"STM32F042F6P6";"TSSOP20";"U1";"";"";"";"";"";"";"";"";"";"";"";"";"511-STM32F042F6P6";"";"";"";"";
"1";"SWD-ADAPTER-";"SWD-ADAPTER-";"SWD-ADAPTER";"J2";"";"";"";"";"";"";"";"";"";"";"";"";"";"";"";"";"";
"1";"TLV493D";"TLV493D";"SOT23-6";"U3";"";"";"";"";"";"";"";"";"";"";"";"";"";"";"";"";"";
